{
  "refrigerant": "R410A",
  "units": {
    "temp": "F",
    "pressure": "psig"
  },
  "table": [
    {
      "t": 20,
      "p": 83
    },
    {
      "t": 25,
      "p": 91
    },
    {
      "t": 30,
      "p": 99
    },
    {
      "t": 35,
      "p": 109
    },
    {
      "t": 40,
      "p": 118
    },
    {
      "t": 45,
      "p": 130
    },
    {
      "t": 50,
      "p": 143
    },
    {
      "t": 55,
      "p": 156
    },
    {
      "t": 60,
      "p": 170
    },
    {
      "t": 65,
      "p": 185
    },
    {
      "t": 70,
      "p": 201
    },
    {
      "t": 75,
      "p": 218
    },
    {
      "t": 80,
      "p": 236
    },
    {
      "t": 85,
      "p": 256
    },
    {
      "t": 90,
      "p": 277
    },
    {
      "t": 95,
      "p": 299
    },
    {
      "t": 100,
      "p": 321
    }
  ]
}